ram,battery_power,int_memory,mob_weight,px_height,px_width,price_range
2549,842,7,188,20,756,1
2631,1021,53,136,905,1988,2
2603,563,41,145,1263,1716,2
2769,615,10,131,1216,1786,2
1411,1821,44,141,1208,1212,1
1067,1859,22,164,1004,1654,1
3220,1821,10,139,381,1018,3
700,1954,24,187,512,1149,0
1099,1445,53,174,386,836,0
513,509,9,93,1137,1224,0
3946,769,9,182,248,874,3
3826,1520,33,177,151,1005,3
1482,1815,33,159,607,748,1
2680,803,17,198,344,1440,2
373,1866,52,185,356,563,0
568,775,46,159,862,1864,0
3554,838,13,196,984,1850,3
3752,595,23,121,441,810,3
1835,1131,49,101,658,878,1
2337,682,19,121,902,1064,1
2819,772,39,81,1314,1854,3
3283,1709,13,156,974,1385,3
1433,1949,47,199,407,822,1
1037,1602,38,114,466,788,0
2583,503,8,111,201,1245,1
2782,961,57,114,291,1434,2
3763,519,51,132,550,645,3
3286,956,41,143,511,1075,3
2373,1453,52,96,187,1311,2
478,851,21,200,1171,1263,0
3532,1579,5,88,1358,1739,3
508,1568,33,150,413,654,0
2227,1319,41,107,85,1152,1
3845,1310,51,100,178,1919,3
1262,644,22,157,311,881,0
1326,725,60,160,1134,1249,1
2113,589,61,160,429,815,1
3429,1725,6,119,609,1307,3
3169,790,11,87,347,730,2
2150,560,50,159,1448,1613,2
2484,1347,44,132,434,967,2
3339,1646,41,185,1725,1932,3
1878,1253,5,152,685,714,1
1629,1656,34,166,880,1456,1
504,1195,20,110,1580,1652,0
1152,1514,27,118,186,1810,1
3587,1723,42,164,202,1791,3
2296,1054,40,196,27,774,1
1270,578,57,162,1025,1433,0
3238,596,64,111,885,1854,3
2059,1547,14,198,1042,1832,2
2053,1760,63,127,1382,1383,2
3112,1654,43,109,546,629,3
1440,1457,16,102,1013,1287,1
2908,1073,51,145,690,804,2
2552,1936,46,104,667,1036,2
905,823,60,148,822,1449,0
3963,987,61,107,581,820,3
2056,1757,49,180,265,713,1
2910,1063,48,128,127,683,2
1457,1484,12,134,916,969,1
431,799,63,144,361,975,0
470,1156,50,159,322,547,0
2148,1720,55,168,753,1353,2
2955,702,9,141,504,1570,2
3366,616,44,81,651,1618,3
3068,1358,36,155,1565,1858,3
3834,1866,30,182,108,1781,3
1050,1242,10,165,459,1225,0
3993,1166,43,80,205,603,3
3378,1448,45,138,570,1724,3
2192,1407,22,104,1172,1217,2
392,605,9,142,160,1026,0
3709,1038,43,141,4,638,3
590,797,38,90,763,1413,0
1814,819,42,188,339,1242,1
907,1114,9,197,1040,1071,0
1449,1234,33,172,166,778,0
3448,1199,16,116,1168,1552,3
1837,1103,29,111,990,1486,1
3464,1589,58,85,319,1206,3
2593,999,64,199,1397,1616,2
3484,1510,45,180,708,1752,3
2009,1008,61,114,1077,1122,1
2048,1127,57,163,928,1049,1
837,1412,25,96,516,1894,1
854,1496,42,182,96,741,0
3210,1083,64,178,1025,1118,3
2746,668,3,155,666,1203,2
2334,1309,33,100,557,1402,2
2822,1724,57,177,1605,1924,3
1971,1977,54,171,1226,1242,2
1410,885,15,103,769,802,0
349,879,14,83,403,1105,0
1418,1322,7,140,177,1990,1
3616,1137,7,196,942,1179,3
880,1355,23,132,651,891,0
1601,1665,60,194,1572,1684,2
1412,657,37,141,476,961,0
1692,593,31,156,1233,1317,1
2600,1883,10,146,836,1739,3
1308,1732,12,119,824,881,1
2413,543,57,192,391,984,1
1047,1939,55,199,320,520,0
1204,553,8,121,325,902,0
1799,832,39,103,125,1504,1
2676,1661,23,172,846,1634,3
2597,1657,42,198,1770,1796,3
3029,1135,46,83,293,1846,3
2343,1775,41,163,1633,1869,3
2016,783,43,106,1198,1471,1
2213,617,32,199,768,874,1
790,867,4,135,70,1974,0
3182,1310,7,194,117,513,2
3472,1804,22,153,1158,1244,3
2871,1900,18,89,1055,1661,3
3187,909,53,82,635,973,2
1945,1084,40,107,322,771,1
488,1308,46,199,275,989,0
1214,1778,15,102,1445,1954,1
2598,1701,10,194,550,1338,2
3242,772,10,80,1242,1712,3
3534,825,52,130,597,863,3
3426,1379,36,200,538,1376,3
2488,1166,25,198,59,1203,2
3255,1659,16,89,819,902,3
2863,826,58,88,179,786,2
1496,1564,25,189,1259,1965,1
3801,1957,31,181,396,1732,3
666,1571,19,100,713,1398,0
3799,1414,54,99,262,829,3
1366,1790,2,184,622,792,1
2962,645,41,197,327,580,2
2399,668,30,195,522,1056,1
2338,1652,36,89,313,1264,2
2700,1213,16,108,226,1248,2
2235,1272,22,133,605,669,1
3825,866,46,179,692,1686,3
284,536,3,182,1386,1539,0
1427,523,14,155,304,1042,0
1324,1753,31,134,1590,1926,2
398,1218,14,147,229,616,0
3685,1537,43,137,839,1131,3
2390,786,33,141,507,1697,2
278,1678,64,134,436,536,0
3556,1814,9,141,756,786,3
2196,1101,31,148,387,1269,1
3799,1461,40,141,1265,1298,3
2268,1216,47,199,1852,1967,2
2965,506,41,159,875,1025,2
2341,843,56,147,140,800,1
3557,742,56,190,577,1359,3
1354,1692,61,176,975,1996,1
2147,1485,32,84,510,1013,2
505,1547,45,166,583,590,0
1394,1692,46,139,674,1925,1
374,637,60,97,1125,1989,0
506,1224,6,109,747,826,0
3702,1356,29,198,1612,1983,3
1078,1840,34,142,311,1545,1
2945,1481,37,96,116,1533,2
2981,961,51,152,554,621,2
490,1296,14,124,811,1272,0
536,1193,26,166,730,1729,0
2317,1441,3,118,577,1071,2
3704,517,33,183,660,974,3
2126,748,27,150,450,1554,1
2050,1126,10,160,1223,1611,2
2462,1572,58,157,1109,1937,3
1260,1569,44,110,45,1942,1
3770,1270,32,101,299,845,3
1886,1854,8,101,506,627,1
3323,625,10,183,635,842,2
2060,1577,42,197,1045,1737,2
3926,534,16,189,393,1199,3
2177,946,25,143,650,1740,2
728,685,29,93,433,648,0
2478,1949,23,101,839,1136,3
2842,947,22,197,1176,1220,2
1617,801,63,165,650,879,1
1472,703,30,113,218,1065,0
764,1165,41,178,564,831,0
2337,1082,38,198,986,1191,2
3965,959,20,84,561,1631,3
3693,1502,54,138,65,588,3
797,1380,4,92,420,500,0
1687,1266,5,95,1365,1698,2
2940,1934,46,103,619,1299,3
1545,1905,6,151,849,898,1
3834,1831,43,150,611,1381,3
2505,596,46,165,953,984,1
2243,1562,7,190,642,1533,2
3600,1490,64,150,1417,1464,3
3971,1523,57,117,247,539,3
2844,640,20,163,710,1179,2
2227,1526,23,117,718,751,2
1665,1989,41,94,1100,1497,2
3355,1308,61,106,59,1215,3
1866,609,26,93,938,1948,1
1287,1905,36,119,825,1542,1
1046,1703,22,192,286,1235,0
1441,1445,20,173,1273,1345,1
690,1087,16,166,295,589,0
2504,671,30,105,852,1182,2
2677,1472,61,168,710,1052,2
2243,765,47,115,1277,1429,2
2984,1642,8,171,129,873,2
1362,1265,49,182,690,836,1
3629,664,51,110,701,1478,3
3559,1277,35,142,309,1460,3
2571,1395,23,111,213,705,2
2107,1539,41,159,1112,1666,2
1022,1049,63,135,199,1077,0
2844,1827,39,128,55,1020,2
711,903,50,91,1230,1235,0
3117,1987,53,181,1052,1516,3
978,1154,49,181,541,1499,0
1869,1336,17,194,55,583,1
1179,1886,24,112,809,1958,1
3844,1551,51,88,1738,1995,3
593,850,29,133,404,642,0
588,660,40,111,262,1178,0
3836,1225,13,116,759,1404,3
2669,1452,25,123,42,1040,2
2958,1686,38,166,397,1453,3
3031,1634,17,200,964,1677,3
3388,1708,49,109,233,517,3
2377,1151,31,128,1022,1560,2
2458,1578,37,138,411,1226,2
2766,1689,24,127,954,1200,3
3054,1488,39,112,1528,1647,3
3791,1313,9,105,416,1308,3
625,1715,31,83,638,1615,0
2227,1442,27,192,231,687,1
3256,528,6,142,574,637,2
707,1523,11,129,148,1606,0
1457,1133,42,199,730,1543,1
3755,1718,6,183,564,980,3
1733,1330,38,183,1290,1441,1
720,1799,49,107,632,1383,0
3560,633,49,139,529,1009,2
2311,724,44,187,1273,1754,2
3846,822,51,157,667,860,3
1717,1918,10,110,1170,1543,2
3704,1891,37,129,169,1108,3
3800,1373,50,127,105,673,3
278,862,23,165,793,1758,0
1767,1273,48,99,490,886,1
1846,957,7,107,1201,1485,1
829,1617,30,105,246,1038,0
2986,893,55,183,417,946,2
2394,1210,63,93,1177,1462,2
2169,708,63,195,78,654,1
1181,835,7,101,323,1604,0
575,1450,19,131,707,1882,0
2977,973,57,190,457,1816,2
532,601,4,154,356,765,0
1702,507,32,141,936,1398,1
1074,564,51,168,912,1980,0
3352,1559,6,162,179,1559,3
1027,754,59,178,1914,1928,1
2039,728,25,88,526,1529,1
461,1431,56,191,156,952,0
527,767,28,175,344,1517,0
3271,1722,18,177,865,1741,3
606,1992,57,100,1552,1596,1
2513,1876,40,86,546,1564,3
1675,1054,38,136,1097,1222,1
2698,1283,47,93,372,692,2
1129,1281,28,148,1285,1617,1
468,1066,7,114,1242,1571,0
1210,730,4,89,302,1247,0
3086,1053,45,103,594,1767,3
1595,1611,3,98,303,714,1
2332,793,30,133,1858,1935,2
2589,1220,62,125,403,1933,2
3760,1662,61,126,32,1509,3
1851,1281,8,144,590,954,1
417,538,2,177,235,662,0
294,823,39,187,630,888,0
3576,1733,36,119,357,527,3
3945,1429,40,100,246,820,3
927,1839,54,200,475,1493,1
2044,659,6,110,1054,1929,1
2334,1953,56,158,555,764,2
1477,1172,27,164,607,1092,1
3161,612,16,102,1360,1891,3
3660,1563,24,170,142,1699,3
1604,1191,26,84,681,683,1
2211,615,42,163,104,1664,1
3822,1893,63,134,637,763,3
3922,1563,16,151,410,572,3
1203,1995,9,139,1830,1963,2
2822,1517,48,143,802,1489,3
447,832,34,108,311,1294,0
1652,1162,56,114,56,997,1
3608,1595,12,121,344,655,3
1228,1329,52,181,1053,1458,1
666,928,56,80,221,1243,0
1499,1656,38,105,506,519,1
3321,1937,58,189,1728,1767,3
1206,977,57,181,63,566,0
952,768,56,113,418,515,0
3927,1464,12,117,854,1168,3
311,1177,29,191,178,882,0
955,1348,52,98,1869,1942,1
1109,1956,37,87,185,776,1
2969,1751,8,178,170,564,2
725,1530,42,177,454,1975,0
1655,1997,40,185,866,1212,2
3490,1414,44,180,44,1118,3
1774,1707,41,80,1331,1388,2
3615,894,50,199,1285,1462,3
714,645,41,184,741,1130,0
2768,1163,49,155,520,754,2
3739,1126,49,165,114,1726,3
610,1648,64,170,1153,1876,1
715,1170,14,199,474,709,0
663,508,42,94,39,557,0
1725,1097,64,161,419,1914,1
834,728,5,101,584,775,0
3865,1980,29,177,312,1910,3
3059,1504,64,182,19,1923,3
651,1379,63,83,207,1370,0
796,1698,18,160,363,994,0
785,920,25,115,209,1078,0
3252,1144,21,189,159,724,2
1322,1995,26,129,649,1104,1
2832,1430,27,183,1132,1182,2
1615,972,13,193,1392,1795,1
2125,662,20,138,1001,1224,1
990,1867,9,191,712,1442,1
1595,1730,20,143,418,1023,1
1213,1723,7,126,384,1361,1
2500,1882,47,140,119,652,2
2801,803,18,106,627,935,2
3451,580,47,91,1086,1345,3
1201,668,48,114,195,1292,0
3139,1391,36,182,14,1256,2
1938,1560,22,169,745,1364,2
3185,821,54,109,253,1786,2
2111,811,2,106,333,1429,1
2369,1989,17,193,629,682,2
3625,1034,37,120,707,1199,3
1051,618,6,86,1314,1688,0
1036,654,52,196,1715,1898,1
2938,576,10,184,513,1438,2
2855,667,3,185,13,1463,2
2727,869,57,118,1243,1584,2
2973,635,42,149,300,1059,2
2581,609,44,117,58,1253,1
2690,1557,2,123,1107,1442,3
916,1604,33,191,134,939,0
2563,1182,8,138,275,986,2
3359,848,19,148,176,1029,2
941,1610,64,181,1236,1280,1
2280,1828,17,199,336,898,2
827,880,50,194,1116,1381,0
473,1394,62,175,1010,1565,0
3865,1960,61,86,205,1299,3
1274,809,21,91,1453,1726,1
364,899,57,172,788,1331,0
3699,1976,32,171,1301,1922,3
2927,879,21,187,463,1038,2
1470,916,36,195,188,992,0
1050,763,2,92,1028,1186,0
2616,508,9,162,1419,1920,2
2915,825,34,99,1471,1866,3
2686,1864,46,178,168,981,2
1243,1725,52,185,1125,1195,1
3264,1108,52,183,130,1706,3
2261,1011,36,131,481,749,1
2993,1703,55,138,1411,1711,3
706,1067,58,135,79,681,0
2542,1334,42,115,1187,1974,3
2523,775,30,189,561,1510,2
336,1899,26,151,96,814,0
2457,930,14,97,77,1025,1
418,1058,19,166,493,1247,0
3917,1187,46,145,1173,1814,3
1246,1874,8,166,964,1233,1
2971,1482,48,142,634,642,2
2324,1809,59,174,639,721,2
3121,864,54,187,127,1670,2
3801,625,33,191,431,550,2
3333,1880,18,138,71,699,3
3475,1138,44,187,111,1138,3
2360,560,23,146,356,1903,1
2895,1117,12,144,798,817,2
3652,1712,63,137,747,1126,3
3097,1836,26,134,408,1139,3
2101,1036,39,119,373,926,1
3918,1860,23,162,1362,1506,3
3869,1375,9,145,475,726,3
732,1945,57,195,743,1753,1
3684,1896,7,141,447,794,3
3969,788,57,91,42,1161,3
1414,880,33,173,30,1350,0
1892,1323,28,131,162,619,1
3131,1868,42,169,347,660,3
2532,1266,7,184,346,1468,2
3215,1042,50,93,727,1705,3
3323,1479,19,156,180,1476,3
1529,1476,55,171,1641,1666,2
2403,1552,13,123,269,1026,2
3419,1454,34,83,250,1033,3
3648,1007,45,95,1186,1529,3
1974,652,17,173,77,559,0
2806,1504,34,142,507,973,2
2239,1726,51,193,379,1223,2
582,1029,5,171,264,956,0
3890,1582,44,112,1486,1797,3
1141,1478,48,99,694,882,1
2511,1178,49,101,579,596,2
3838,707,25,131,495,574,3
2734,755,51,186,315,990,2
2330,912,54,161,329,1053,1
2244,651,63,176,548,858,1
1851,1483,54,176,531,758,1
808,914,4,100,191,1495,0
1587,1456,7,105,823,1104,1
2492,1178,57,84,96,1352,2
2122,1503,43,166,841,1304,2
1122,1681,11,158,195,1205,0
3709,715,48,160,21,562,2
3021,1876,56,182,235,585,2
624,1190,47,186,1417,1441,0
3937,1755,24,134,286,1075,3
1797,1197,20,149,649,1629,1
1458,1048,28,194,966,1975,1
3348,1887,17,126,1172,1798,3
1834,1772,64,116,270,545,1
2775,1421,57,165,781,1657,3
1277,1464,17,153,418,1341,1
457,728,23,111,126,817,0
438,954,50,134,228,1058,0
3210,685,13,82,1091,1203,3
985,1472,36,130,1452,1744,1
3701,853,3,200,674,740,3
1052,1469,8,123,398,1133,0
1175,1310,57,135,449,889,0
1070,1654,11,146,1184,1719,1
3411,902,3,134,675,1285,3
1175,1448,26,156,1792,1850,1
301,1631,3,198,177,1905,0
489,1608,28,183,1013,1158,0
1733,1991,64,145,1058,1325,2
2756,1349,62,114,592,772,2
2612,1589,51,195,810,1743,2
1724,1844,51,158,533,882,1
2190,712,35,84,558,1208,1
1900,972,54,107,681,1050,1
3915,1406,34,98,1017,1366,3
1043,1289,25,178,765,899,0
3817,932,64,154,1176,1224,3
2362,1747,48,94,947,1131,2
1107,1172,41,95,1314,1884,1
2982,1128,53,84,609,1370,3
2042,664,28,106,754,1497,1
1343,513,44,186,619,867,0
2610,1742,43,170,453,681,2
2335,1512,6,162,205,884,2
1614,1986,51,165,282,1358,1
1138,965,13,109,130,998,0
604,1067,40,122,494,1989,0
3652,1583,42,118,275,862,3
3955,1653,37,176,447,1785,3
258,1433,4,133,281,799,0
1066,765,18,153,6,793,0
1731,1845,61,96,292,695,1
3860,752,48,87,164,728,3
3630,1948,16,100,631,1940,3
1965,1077,45,174,897,1304,1
1459,932,60,104,268,1078,0
2323,1968,22,115,861,1259,2
3291,1122,2,120,331,790,2
3272,1588,61,159,1064,1594,3
918,601,26,101,509,548,0
3488,1615,15,132,622,1256,3
3961,1589,58,128,957,1911,3
590,1417,56,114,494,1649,0
3701,1697,34,95,236,1264,3
463,1330,3,83,980,1262,0
3644,1476,43,148,1789,1972,3
1713,1579,27,142,831,1484,1
429,1277,41,200,902,1090,0
2765,1089,2,145,636,1259,2
2084,1663,27,169,831,1439,2
1125,1949,20,186,518,592,1
2048,1138,48,109,233,1777,2
1223,685,17,174,725,870,0
3672,1889,31,132,170,1106,3
3100,857,17,195,157,948,2
343,1902,50,124,1142,1393,0
1970,1225,15,155,840,982,1
2728,1066,39,131,401,1586,2
3635,1554,5,124,395,1579,3
2180,1337,31,186,48,644,1
2488,1926,33,172,982,1157,2
3864,869,34,104,478,539,3
1155,1278,54,104,581,750,0
3566,1773,32,170,1215,1472,3
864,1661,6,109,594,1337,1
869,1438,32,176,683,1663,0
591,1661,29,119,536,861,0
1333,1846,19,159,83,773,1
2208,1260,23,123,905,1313,2
2610,512,15,83,249,1849,2
2819,581,59,185,803,1613,2
1955,1872,44,134,459,1259,2
3416,687,50,151,584,1151,3
3803,1062,10,160,1596,1807,3
574,1678,7,192,418,1763,0
2129,1417,45,166,364,1029,1
1948,1074,9,103,946,952,1
2978,1832,2,90,186,654,2
1619,1039,12,200,1428,1827,1
3716,1059,61,134,1613,1916,3
3454,1606,57,154,1127,1924,3
3777,1928,19,187,691,1580,3
2712,1875,55,91,1802,1942,3
1434,1128,46,135,751,1582,1
3968,1748,14,146,859,1234,3
3383,1413,51,117,187,517,3
3278,825,23,86,206,1917,3
3970,1589,26,100,1673,1759,3
2674,535,54,145,710,939,2
2776,1780,27,190,1331,1463,3
2336,1671,61,129,263,848,2
2430,1821,12,114,97,1803,2
891,1076,38,119,129,915,0
728,532,8,193,1213,1354,0
3886,777,30,148,189,1143,3
1711,1217,17,182,628,632,1
2856,1656,16,117,320,899,2
2447,1185,31,152,837,1642,2
814,577,37,161,1087,1450,0
2951,737,49,193,781,1463,2
3653,704,53,186,251,1013,2
1891,525,51,137,262,1587,1
701,504,16,166,767,1665,0
3139,793,38,176,1226,1815,3
2811,569,39,184,389,739,1
1701,1590,21,160,920,963,1
1853,707,16,194,1027,1508,1
2445,767,19,185,271,1000,1
2287,1350,50,181,369,544,1
2003,1117,31,146,1258,1627,2
3595,641,7,192,417,759,2
1726,1002,35,83,1345,1416,1
3952,1408,45,89,613,1088,3
850,1900,41,190,912,1596,1
1446,726,43,101,666,760,0
1300,1544,45,113,236,857,1
719,1454,21,160,186,1100,0
988,1230,26,123,416,676,0
2606,1552,53,180,430,658,2
2912,1519,32,200,168,1239,2
2339,723,30,102,1467,1901,2
1028,1191,13,169,179,1813,0
3173,1168,61,90,159,1578,3
1667,1229,14,191,120,1878,1
1897,1758,13,190,762,1864,2
1214,1290,3,143,600,1109,1
3269,574,38,90,286,1171,2
445,1271,32,113,1350,1949,0
1073,1170,30,83,27,1722,0
665,1269,52,118,1597,1920,1
3129,1288,50,121,1177,1809,3
3501,1366,34,150,402,964,3
3461,1572,8,169,577,1237,3
3206,1627,32,180,52,1082,3
3717,1701,46,115,364,828,3
3917,1900,55,171,934,1241,3
861,1974,24,80,250,545,0
2885,1197,20,129,214,1710,2
2777,587,6,170,612,1793,2
1017,934,24,112,1111,1463,0
980,1195,23,82,163,1100,0
2775,1853,23,92,202,1951,3
3309,1164,19,95,729,1704,3
3607,1512,18,88,1079,1897,3
1257,1232,24,169,361,809,0
759,1813,5,198,338,1306,0
3720,946,5,166,1698,1771,3
475,739,58,88,1052,1536,0
1122,704,29,80,1108,1509,0
1336,1663,40,147,951,1545,1
1185,1966,40,185,1197,1987,2
705,1219,17,196,473,1022,0
3169,612,35,181,1294,1337,2
3483,1658,39,182,410,522,3
1183,1263,64,175,178,1883,1
3373,1395,55,118,782,1787,3
2801,621,54,151,434,910,2
565,652,58,142,464,781,0
3153,1175,25,145,137,1501,2
3421,561,11,163,492,1176,2
316,1137,3,173,1250,1285,0
448,1835,11,193,385,583,0
2366,1170,40,169,427,684,1
3881,1595,44,85,1024,1838,3
462,1719,12,122,240,904,0
1480,1770,7,128,886,1552,1
1087,1312,28,163,1233,1854,1
2711,1878,56,139,183,559,2
2144,1871,20,81,88,1682,2
1165,922,35,188,1016,1383,0
2998,1975,16,128,80,655,2
2249,1212,46,102,611,1715,2
752,1430,56,179,569,906,0
1409,1958,4,190,304,637,1
3072,1836,30,184,276,1230,3
1305,557,24,125,1131,1315,0
3597,539,21,145,551,599,2
3132,880,44,172,436,1302,2
3856,1369,34,162,553,727,3
1524,1109,39,98,1391,1787,1
3673,843,16,166,981,1096,3
3293,598,21,196,680,1173,2
3035,972,5,126,687,816,2
584,1944,36,197,1060,1970,1
2675,1225,2,138,217,1101,2
2382,644,30,114,1140,1654,2
1391,1919,48,150,304,1191,1
2346,501,54,131,504,1089,1
606,1620,30,185,832,1033,0
1324,1227,34,130,935,1781,1
1076,1359,58,107,446,901,0
643,1914,35,118,942,1701,1
783,1645,21,123,897,1308,0
3809,1063,26,101,1208,1232,3
2104,946,19,154,159,630,1
1762,1231,54,185,632,1184,1
3137,1397,9,87,1308,1991,3
1756,701,15,160,1002,1256,1
3663,570,9,111,1331,1917,3
2437,1993,27,147,150,510,2
1432,955,43,143,1248,1511,1
1620,924,47,167,108,1813,1
1655,600,14,112,320,747,0
2832,518,3,178,437,1947,2
961,1063,31,95,295,935,0
2608,920,46,149,1058,1421,2
514,1715,3,171,79,1652,0
2304,1841,14,167,593,672,2
933,543,60,132,693,1031,0
1896,1762,25,189,300,527,1
3655,1112,53,121,234,739,3
1973,709,35,136,1545,1596,1
3278,1315,64,128,59,575,2
2183,1762,15,107,1103,1364,2
824,1462,25,182,91,1478,0
2598,571,35,186,177,1282,1
1254,666,54,81,58,1353,0
3622,1994,7,146,447,1435,3
1704,1583,14,148,942,1651,2
1624,1778,45,132,88,516,1
3809,1926,50,179,371,1000,3
2574,966,50,117,1446,1754,2
950,568,36,179,181,1703,0
273,1897,21,192,1311,1935,0
446,1695,46,200,1791,1898,1
1510,1623,61,120,1568,1832,2
1122,914,26,147,706,721,0
707,1721,33,128,871,1048,0
751,890,44,198,1074,1873,0
3393,600,48,191,501,1465,2
3771,1677,11,124,271,1477,3
1851,723,3,168,920,1748,1
2735,638,27,102,1171,1383,2
2253,852,62,104,293,1159,1
452,1979,32,165,833,1630,0
1419,710,32,151,485,857,0
969,1034,45,190,182,1293,0
3441,600,22,145,207,1162,2
3786,1027,64,103,1698,1747,3
2710,1260,13,106,165,736,2
3533,1793,12,169,1086,1418,3
1735,675,60,144,192,757,0
3587,658,12,103,1156,1750,3
2298,1694,34,102,377,549,2
2027,804,41,89,709,818,1
2406,1713,27,127,729,974,2
2419,706,31,108,543,938,1
995,1362,25,131,553,1505,0
2078,1527,60,154,526,1116,2
1145,768,19,159,637,991,0
626,1314,41,155,113,577,0
1509,705,57,155,1114,1374,1
3371,1403,26,164,461,1251,3
297,1486,52,85,1430,1747,0
3508,781,38,198,304,1674,3
2385,986,23,183,471,800,1
1301,1310,33,105,806,1016,1
2167,560,57,81,80,1327,1
3914,1348,43,116,204,501,3
2312,1567,22,119,545,1621,2
2297,1940,17,93,112,858,2
411,1979,19,176,1331,1532,0
665,561,2,193,1055,1294,0
3226,1717,62,130,609,810,3
740,535,48,113,290,811,0
3878,1413,39,185,1039,1318,3
3406,1358,20,135,1485,1655,3
2440,1519,30,112,1122,1702,2
3959,1254,50,108,462,1013,3
3703,1591,49,154,1384,1883,3
3714,977,35,165,1502,1862,3
337,1640,21,169,589,1301,0
3176,663,25,183,82,1605,2
1205,1744,20,112,68,718,1
2473,1624,28,150,689,699,2
1229,1108,2,169,208,1742,0
2896,1188,9,114,1339,1558,3
2039,817,11,144,722,766,1
520,863,6,133,717,1799,0
1378,1397,3,121,433,1658,1
3254,1108,49,140,1298,1666,3
1803,1068,37,184,186,1998,1
2501,1702,52,145,1397,1491,3
3762,808,8,192,618,1891,3
1796,1156,61,89,1214,1262,1
990,1271,54,159,613,650,0
2630,696,51,197,649,907,1
1380,1981,45,175,193,1234,1
3487,614,58,128,22,519,2
1201,1590,7,122,1464,1595,1
3015,1945,21,113,280,895,3
3204,1135,43,158,690,1589,3
433,1049,2,172,39,1564,0
1906,1807,49,125,337,1384,2
898,984,42,98,1036,1611,0
2799,720,61,96,1347,1733,3
2020,1536,13,105,22,1634,2
770,771,25,86,327,922,0
305,503,57,185,778,1291,0
2953,675,42,187,482,874,2
1671,1936,34,182,591,1089,1
2574,1303,15,138,229,1604,2
3772,1004,35,141,901,1162,3
2870,1972,37,102,715,1648,3
2577,1822,8,195,172,910,2
2246,1159,18,83,681,723,1
2405,1782,58,157,867,999,2
3377,894,16,168,286,1300,2
3619,1884,43,185,451,819,3
1184,1648,17,142,1119,1238,1
2965,798,4,96,526,643,2
3713,802,45,157,1299,1633,3
3798,1276,53,130,217,735,3
1026,1331,16,165,1109,1226,1
1086,1620,5,186,434,1339,1
2236,1996,51,122,671,1445,2
1303,1092,45,185,1404,1424,1
3048,1018,63,155,856,883,2
616,545,11,131,381,1452,0
3764,554,12,105,85,806,2
419,1264,34,171,562,849,0
2858,1030,58,138,1111,1812,3
504,1432,39,164,209,947,0
392,558,49,142,997,1605,0
820,829,56,129,91,1916,0
3387,1741,14,143,730,1895,3
3447,1849,15,144,606,1123,3
1403,733,7,174,445,1409,0
2295,1872,16,80,286,1484,2
1973,1853,27,197,985,1005,2
3755,1149,30,106,1617,1675,3
2073,891,25,196,375,1724,1
3872,1911,64,163,1795,1958,3
302,550,23,145,486,1930,0
1519,576,27,121,757,1518,1
2549,1760,50,198,273,1704,2
404,969,45,124,491,589,0
595,1160,63,166,762,859,0
1663,827,18,160,448,821,0
2764,1786,58,161,231,1671,3
2614,774,8,136,1713,1865,2
1094,819,11,83,438,822,0
2826,1042,11,139,68,1018,2
2496,1368,50,97,698,829,2
2103,1592,50,181,510,522,1
966,1067,14,146,965,1009,0
2172,1892,47,110,1399,1564,2
905,915,56,187,532,1448,0
3916,774,55,124,8,896,3
3902,1848,42,179,154,605,3
2487,1501,2,187,198,1056,2
3914,1614,55,188,860,1330,3
363,911,46,181,461,670,0
3233,1520,24,199,109,1909,3
2532,1647,38,102,193,1185,2
3836,1347,53,108,961,1008,3
3076,967,25,92,243,1642,2
1513,1442,56,145,1626,1668,2
1724,1204,10,199,480,1482,1
542,1320,41,144,123,1229,0
3481,1800,8,100,400,823,3
3991,1567,22,153,190,1326,3
1790,1439,20,147,626,932,1
509,1422,3,112,1,926,0
282,1591,52,161,548,1641,0
3006,880,6,198,632,660,2
1913,1929,19,163,349,1051,1
1333,1642,5,102,1686,1889,2
3746,1511,21,114,1455,1982,3
3941,1312,10,163,95,893,3
3970,1852,10,196,580,1163,3
3925,972,44,82,297,589,3
424,691,33,108,951,962,0
1284,807,8,158,667,697,0
277,1113,25,145,1047,1312,0
1713,721,16,125,408,1862,1
485,1188,54,198,1150,1469,0
3002,1512,52,131,333,952,2
418,805,64,97,641,704,0
1652,918,8,123,653,671,1
2893,1320,48,168,103,1583,2
1406,1236,57,188,517,809,0
629,1387,61,98,785,1151,0
3724,1883,30,95,531,791,3
3835,839,14,175,564,1391,3
1354,1593,52,130,761,1336,1
2376,1722,25,88,1179,1638,3
3438,1954,7,126,673,690,3
2655,1788,2,150,472,1073,2
3361,1628,33,101,412,643,3
3535,1965,4,84,977,1660,3
2150,833,27,124,359,1395,1
2587,571,43,141,224,783,1
2736,1808,31,92,714,1208,3
676,1860,55,83,195,799,0
2941,1368,9,115,843,1145,3
3336,1161,21,126,308,1169,3
3796,1224,33,157,522,563,3
3654,902,63,122,364,1360,3
2934,787,11,93,806,1423,2
2889,854,30,125,518,1152,2
3315,1184,48,191,519,1577,3
1993,1973,39,152,792,1181,2
2509,510,35,120,382,1228,1
3534,966,34,118,214,1523,3
2246,1438,16,169,859,867,2
3165,1986,51,95,342,774,3
286,1907,55,105,713,1513,0
776,1489,32,200,172,812,0
3213,1843,16,134,118,580,3
716,825,38,94,540,783,0
424,1286,16,98,18,662,0
3486,840,63,137,987,1081,3
3237,757,58,163,535,697,2
1944,814,41,177,1092,1406,1
643,1195,8,80,327,1001,0
2317,767,10,107,517,1995,2
1436,1068,52,97,994,1500,1
3190,994,56,173,491,530,2
2338,1550,21,133,268,832,2
1334,1878,29,85,210,1026,1
3657,623,6,127,144,672,2
2080,1829,15,160,729,1267,2
1609,525,35,190,82,670,0
3078,1065,14,89,188,928,2
590,1425,35,127,150,1897,0
2552,1296,11,129,1222,1382,2
3355,642,34,197,331,1011,2
1968,1664,15,177,1178,1929,2
3358,1498,8,170,347,1076,3
1539,981,2,136,75,688,0
942,1236,32,143,492,1403,0
3669,1673,9,187,65,734,3
3612,712,9,172,881,1234,3
2351,569,4,170,351,1159,1
604,603,64,156,1842,1968,0
1285,1332,11,187,758,1165,1
515,1413,13,128,1323,1481,0
654,1064,34,184,1175,1569,0
2540,1444,48,82,1092,1554,3
3869,1366,53,161,647,1876,3
3412,906,18,136,1102,1793,3
509,1554,47,185,319,1367,0
2547,1187,21,122,215,1125,2
2735,1156,30,173,945,1913,2
1369,1918,22,139,381,1203,1
2942,841,39,199,546,828,2
2812,730,6,167,1096,1155,2
3497,878,31,153,575,618,2
619,1059,50,182,519,1545,0
3483,1578,3,200,342,670,3
1475,1829,36,112,291,563,1
1950,1132,8,157,1091,1293,1
3592,1652,40,198,352,1084,3
3573,912,58,107,165,1723,3
2020,1181,61,116,385,831,1
1329,1497,32,92,1920,1933,2
3568,1790,49,100,396,1980,3
1947,1742,49,100,1134,1469,2
1998,1549,8,158,721,1514,2
725,1372,34,193,687,937,0
3302,1112,12,190,777,1119,3
3884,1005,46,133,176,1556,3
1185,783,27,150,458,1263,0
1656,1698,26,105,485,1819,2
2870,899,53,192,641,1638,2
911,1062,45,151,798,1435,0
3892,989,17,166,256,1394,3
3897,1983,27,125,370,1197,3
656,1800,53,87,191,1108,0
606,1254,45,146,1571,1956,1
1653,868,30,83,276,1026,1
860,1205,12,175,573,614,0
2197,1284,10,155,160,516,1
3458,626,23,187,90,1334,2
2066,1763,53,101,138,806,1
3676,694,36,193,983,1230,3
1518,1265,49,90,275,687,1
1018,816,14,198,149,558,0
1360,904,35,168,42,507,0
3449,979,5,164,793,1670,3
2524,1531,60,162,625,765,2
703,934,30,182,521,1190,0
1251,1624,58,200,1530,1744,1
582,874,8,185,442,1248,0
1732,1027,63,102,152,714,1
1252,1966,48,144,1242,1973,2
2146,1048,29,182,29,1670,1
1927,1496,38,126,501,506,1
3328,959,13,155,87,736,2
2462,1349,55,105,648,1019,2
1172,1689,13,168,521,674,0
3598,1558,27,146,120,1409,3
2437,582,27,168,985,1420,2
3271,1485,44,138,341,774,3
1511,1991,9,94,751,1377,1
2981,553,23,119,993,1517,2
3119,1231,7,113,43,1663,3
3647,805,34,88,1262,1538,3
3148,764,13,152,361,511,2
2829,894,54,130,104,541,2
2373,1589,46,84,618,940,2
3998,1456,39,80,815,1666,3
316,743,33,95,1587,1659,0
999,1061,52,109,138,1330,0
1808,1428,7,153,584,983,1
589,674,8,93,750,772,0
3317,832,46,93,820,1366,3
670,1625,50,107,8,1219,0
584,907,42,151,171,507,0
2173,1631,13,166,960,1735,2
1561,1584,41,135,160,1291,1
2073,1382,13,199,612,719,1
1401,633,46,102,709,1915,1
3764,1444,38,104,624,917,3
1275,852,54,147,538,730,0
1464,922,47,157,1295,1808,1
2885,1745,57,159,1164,1908,3
3458,862,6,107,829,1977,3
3019,1754,52,101,199,1452,3
1083,1008,36,109,825,1972,1
3538,1569,33,147,519,930,3
2493,1596,7,149,169,1190,2
3726,1807,61,134,1734,1968,3
1531,1660,7,184,76,1165,1
601,1861,55,148,1698,1877,1
2991,648,8,91,819,1997,2
3912,1379,19,134,387,671,3
309,1910,34,115,985,1284,0
323,1807,13,155,970,974,0
1489,1923,46,191,767,1759,1
1322,1345,38,162,512,1465,1
1846,904,14,102,56,760,1
417,1239,52,122,590,661,0
3269,1330,52,84,462,1304,3
3731,516,30,138,126,698,2
667,672,54,95,578,1143,0
1241,892,47,94,655,1782,1
3941,1778,23,101,1028,1445,3
1018,1130,58,132,88,1261,0
3142,1359,59,86,1692,1902,3
1444,1866,47,89,358,1782,1
934,1597,34,89,64,1667,0
3863,1046,58,100,259,1040,3
3506,1035,44,99,236,1960,3
1944,1175,19,164,873,1394,1
348,1261,11,90,858,1591,0
550,1068,51,124,1405,1910,0
971,1713,20,104,237,890,0
3984,1688,21,170,650,864,3
2973,1413,45,104,1949,1994,3
2019,559,11,82,541,823,1
1587,1483,19,146,361,1552,1
1870,860,48,187,335,1463,1
1352,1090,27,91,1638,1910,1
570,686,3,91,1109,1392,0
546,818,43,177,111,510,0
3624,1456,49,193,1285,1427,3
2944,774,10,188,1480,1731,2
1209,1068,19,197,322,875,0
2752,1373,29,141,1220,1348,3
3868,1777,20,188,511,616,3
3087,594,28,132,1011,1263,2
947,1524,57,124,629,635,0
1484,511,50,175,140,622,0
347,1402,46,87,1081,1767,0
3227,965,53,131,297,653,2
3299,1270,58,104,1512,1716,3
1028,919,13,159,275,570,0
714,1963,34,157,1136,1813,1
2641,1977,31,173,1145,1356,3
1229,1881,51,158,477,1553,1
2622,683,19,173,954,1985,2
929,772,6,100,741,1471,0
1211,536,53,135,547,705,0
1653,1694,53,186,1194,1208,2
511,1633,33,111,146,906,0
3034,1371,52,167,471,663,2
1414,551,54,172,169,1916,0
2438,1221,28,139,1895,1976,3
3744,1000,63,179,1537,1761,3
1377,1986,64,162,236,1520,1
3520,1119,23,164,821,915,3
3796,1699,59,97,466,1768,3
1699,1099,61,146,393,1096,1
336,1576,58,90,400,631,0
1095,950,55,156,774,843,0
325,1081,49,99,284,519,0
1223,606,53,146,465,1152,0
1649,502,37,199,705,1810,1
1898,957,4,160,38,1682,1
2609,1658,38,159,51,739,2
2265,1681,18,167,850,1005,2
2775,1983,43,87,349,676,2
1445,1753,12,113,387,1595,1
2614,1632,41,132,706,1623,2
356,1949,57,145,951,1178,0
523,1696,13,97,179,772,0
3745,688,57,131,426,1964,3
1229,1104,60,199,653,1413,0
1402,1122,28,184,1578,1963,1
2085,504,46,172,280,1795,1
587,1154,14,156,251,1801,0
2457,1727,63,85,1463,1992,3
2030,1674,52,89,1432,1649,2
816,1948,18,135,477,571,0
1667,1218,39,150,1122,1746,1
2958,531,63,189,145,1903,2
3705,1057,5,154,416,1055,3
2800,576,30,162,847,893,2
3773,1960,7,165,868,877,3
2050,673,22,88,594,1088,1
1754,718,21,88,518,830,1
1904,864,35,103,663,1805,1
2705,547,37,154,371,541,1
3537,623,3,102,1749,1781,3
1370,1793,27,154,586,722,1
1222,1720,19,137,409,646,1
3102,812,64,106,35,1309,2
2268,980,33,160,1008,1758,2
2648,643,18,187,442,1079,1
2173,1925,16,175,983,1087,2
3162,1408,32,151,875,982,3
1368,1522,28,124,952,1191,1
2746,587,51,111,244,1361,2
619,1959,18,191,65,1055,0
724,1872,17,89,1749,1767,1
912,1043,42,111,716,1626,0
2784,1809,23,123,433,1661,3
793,1703,23,92,134,521,0
560,1095,45,197,179,1247,0
312,1414,27,137,804,1564,0
545,1659,41,88,787,1515,0
1591,1540,60,197,704,822,1
2746,1342,31,86,991,1638,3
893,1189,8,198,379,932,0
2514,518,62,128,489,710,1
1032,1449,10,144,1518,1883,1
819,516,39,91,855,1401,0
3672,1569,59,111,1261,1383,3
3833,1312,24,156,115,1791,3
1482,1893,23,179,1203,1432,2
2043,1076,14,105,545,1300,1
1229,530,40,118,818,1090,0
1816,1044,33,129,42,1262,1
2166,1330,37,126,1103,1637,2
2469,1836,14,104,168,1068,2
2575,1741,55,140,719,755,2
1375,1869,30,152,163,874,1
1732,1331,55,146,1162,1531,1
673,1655,4,105,626,1348,0
2301,605,18,162,329,656,1
2676,1245,30,105,330,1434,2
1781,1709,58,136,956,1292,2
2248,846,58,123,1140,1983,2
921,1403,62,90,217,1623,0
391,688,2,89,271,869,0
1719,775,10,185,444,1555,1
3262,1154,35,159,1003,1827,3
1947,1375,35,194,227,772,1
2693,1827,61,130,253,1764,3
441,1697,60,90,88,1046,0
1886,741,14,178,334,594,0
1267,1672,32,174,1281,1896,1
687,514,57,186,168,1320,0
2890,1375,12,105,898,1687,3
1737,989,55,124,46,1069,1
887,1510,47,138,118,1170,0
398,1266,18,86,1187,1595,0
2389,1396,46,138,1191,1347,2
3431,808,45,161,526,1324,3
3601,1542,43,182,346,966,3
2459,745,35,102,89,1538,1
3230,1735,59,148,137,846,3
3646,586,57,188,1226,1389,3
2200,1341,36,107,473,574,1
3862,781,64,88,368,607,3
3077,501,22,174,239,1636,2
621,1224,44,139,622,709,0
2372,1970,58,80,654,882,2
2574,618,63,138,853,1781,2
2857,1537,46,158,686,1305,3
3143,1018,16,153,992,1433,3
3197,1545,35,173,115,1352,3
2727,1871,41,144,275,1966,3
1519,1729,12,186,461,1178,1
2438,680,9,131,1428,1500,2
2674,1106,54,107,614,1212,2
2107,635,50,97,193,989,1
2262,618,16,143,1105,1602,2
815,1671,5,179,398,1263,0
2829,1562,52,105,480,728,2
3022,1975,31,151,775,1607,3
2573,831,62,134,1482,1490,2
2678,1524,10,174,154,550,2
1282,1528,55,129,454,1762,1
568,1447,9,155,737,1455,0
2074,1344,14,190,419,556,1
2227,564,8,130,853,1737,1
1080,921,60,83,1211,1229,0
2867,1413,10,200,314,1606,2
1075,831,55,86,172,1239,0
3063,802,43,153,527,734,2
2479,1923,24,86,874,1264,2
2394,1193,56,196,674,864,2
2814,904,31,112,657,1014,2
2094,1285,51,140,475,500,1
2315,1635,2,182,1209,1411,2
2519,1923,14,154,15,525,2
735,1851,12,198,293,1967,0
1891,727,32,131,813,1377,1
1386,1396,44,118,173,1843,1
3260,877,46,135,457,652,2
2022,696,35,103,533,797,1
1716,1009,2,102,912,1043,1
3317,1526,38,116,798,1418,3
1454,987,20,192,412,565,0
2290,1414,49,101,130,887,1
3940,1732,61,172,201,656,3
461,1587,50,148,299,874,0
2219,1097,21,160,1277,1352,2
470,504,40,178,626,1195,0
2495,1159,28,80,378,751,2
2944,1910,29,146,333,639,2
2361,865,59,159,805,1804,2
1783,1930,16,186,1901,1920,2
2832,860,40,170,1573,1581,2
931,1268,42,182,360,912,0
1344,999,27,167,20,745,0
3916,622,9,127,98,511,2
1882,1250,44,182,703,1011,1
2865,763,51,104,273,1278,2
757,1100,15,112,919,1344,0
3469,815,51,85,982,1291,3
2399,618,57,88,879,896,1
3300,553,18,136,1287,1892,3
2719,673,3,84,1109,1247,2
3012,563,47,115,211,684,2
2836,1590,14,187,1058,1109,3
2385,1031,11,121,532,1247,2
594,909,30,97,290,773,0
2968,1880,7,104,890,1019,3
3762,1479,24,146,327,645,3
892,1271,2,161,1260,1788,1
467,709,13,81,570,1422,0
345,1744,62,158,621,1558,0
3033,1314,40,116,328,1858,3
2110,1136,9,150,1307,1767,2
3105,1039,56,125,497,618,2
874,1300,62,156,219,1037,0
3681,732,39,188,1163,1554,3
3865,511,52,180,24,759,2
737,1092,11,167,468,571,0
3153,921,10,170,1272,1469,3
2800,1030,37,147,503,551,2
315,1130,27,101,1495,1579,0
1412,1299,60,187,1333,1838,1
2286,1009,2,115,267,1841,2
2392,1735,34,140,149,876,2
1857,1129,49,185,1070,1079,1
1419,708,26,116,206,620,0
3305,894,58,123,158,747,2
959,530,32,88,48,1012,0
2635,1481,35,105,249,522,2
1754,1068,45,194,935,1499,1
2563,1487,57,84,140,768,2
1936,1524,41,96,184,740,1
1869,1093,22,196,238,807,1
3637,1816,50,186,800,1089,3
896,627,20,142,211,507,0
2349,989,51,132,670,804,1
774,1895,5,134,725,1335,1
3397,805,58,168,81,1544,2
485,713,2,181,1211,1378,0
3964,864,24,148,1362,1378,3
1887,1177,11,181,945,1923,1
2977,582,32,107,1043,1702,2
2114,1898,56,185,444,739,2
1542,1158,29,123,311,1796,1
3038,1451,57,181,812,1456,3
2481,1820,51,163,202,1884,2
841,984,9,140,531,707,0
3565,580,24,135,404,898,2
1958,1263,5,146,954,1609,2
2454,1237,27,87,274,603,2
3392,514,37,172,956,1723,3
262,1515,56,184,1438,1593,0
530,721,6,194,1446,1988,0
3703,603,35,126,692,1057,3
2562,1426,55,109,777,1032,2
574,1820,64,161,1157,1951,1
2632,1215,16,130,454,1473,2
259,697,20,173,478,1477,0
688,717,10,198,217,1106,0
2554,1348,36,145,468,741,2
3859,1164,61,88,1107,1656,3
2977,578,62,170,626,1134,2
571,1971,40,186,485,922,0
402,1794,55,86,43,627,0
878,1558,32,114,322,1385,0
2130,1597,4,85,880,1145,2
3260,1240,39,146,1511,1756,3
454,1994,7,88,667,711,0
2638,1221,35,152,765,1899,2
2819,989,24,156,614,679,2
1464,1180,50,144,925,1252,1
1824,718,59,113,1185,1387,1
876,1670,47,139,1706,1886,1
2706,534,21,164,347,1477,2
659,1566,20,126,1603,1930,1
455,1935,29,124,806,860,0
2378,504,54,163,1207,1539,2
2278,913,41,103,431,1144,1
3436,1317,43,113,179,613,3
3424,917,31,88,423,909,3
401,712,49,99,1131,1743,0
681,1083,52,126,925,1469,0
3212,1039,6,136,62,544,2
3105,1747,13,185,800,873,3
2036,1449,52,105,211,947,1
3153,1872,49,139,81,1389,3
1642,1796,7,101,667,798,1
509,1097,60,181,405,519,0
3465,1562,20,172,678,1676,3
3900,1433,27,153,1619,1651,3
1105,740,12,123,935,1147,0
2064,676,39,84,864,1011,1
3117,503,13,131,1495,1688,3
1142,1020,7,96,870,1613,1
1060,896,4,111,1379,1469,1
2381,1824,19,143,1055,1738,2
3366,1512,54,134,220,1838,3
1339,1053,42,126,419,1261,0
2560,1944,31,87,1111,1362,3
285,1174,25,91,1097,1461,0
2476,627,12,131,447,819,1
1862,1602,46,118,273,1062,1
3488,1733,6,170,590,997,3
3178,586,8,142,116,598,2
733,1528,37,156,306,564,0
756,875,23,110,300,1316,0
3622,1602,58,170,1259,1746,3
1277,1426,12,174,1573,1694,1
3703,1370,6,158,1392,1783,3
1905,609,10,81,113,1524,1
2636,840,15,178,526,1728,2
2014,991,12,158,1209,1678,2
3056,1724,9,100,655,828,3
465,584,19,168,1123,1622,0
3869,860,49,141,692,979,3
1108,1541,28,165,796,1052,1
1906,615,58,130,1021,1958,1
851,912,46,84,995,1310,0
3142,1278,60,172,1244,1504,3
1300,1365,31,125,293,970,0
1430,1702,36,177,1240,1931,2
362,589,59,146,759,1858,0
2456,1347,56,95,398,1528,2
2360,1644,44,137,358,791,2
3700,956,42,133,403,1614,3
2620,1089,2,153,211,1409,2
437,871,52,178,194,1437,0
3774,664,6,164,1076,1472,3
1218,1874,19,192,1238,1418,1
696,1928,5,162,229,1004,0
3407,888,33,198,327,1683,3
3902,1077,58,86,135,1892,3
2086,1023,30,80,5,1744,1
1356,1426,42,84,715,1163,1
1704,831,26,177,511,621,0
3571,1496,6,85,549,1383,3
2132,1433,5,129,420,784,1
3209,1095,44,103,838,1066,3
2096,643,23,156,314,1400,1
1273,1142,6,198,739,1766,1
3623,730,27,112,62,846,2
368,1901,41,131,3,1662,0
854,1510,32,135,963,1520,1
3646,1924,59,136,1438,1923,3
3130,1825,17,157,1621,1773,3
3784,1275,5,152,19,501,3
3885,987,17,124,887,1274,3
1494,1538,13,121,567,986,1
2973,1965,29,149,584,676,3
1471,808,20,185,496,974,0
2001,712,27,86,1245,1309,1
1486,1507,42,123,682,888,1
1321,912,47,182,724,794,0
1877,769,17,95,1384,1454,1
3499,948,22,173,257,1654,3
2124,507,39,142,17,1084,1
1221,1384,60,82,983,1210,1
2316,1766,29,194,439,1306,2
1068,1407,16,170,925,1206,1
1930,614,24,94,409,603,1
1316,1972,14,196,293,952,1
1742,1039,47,130,384,1878,1
3265,511,34,125,149,1285,2
2700,1811,5,98,447,568,2
2115,1159,36,104,717,1206,2
3915,1848,12,178,195,533,3
3144,1988,16,94,153,696,3
1571,1469,58,150,1699,1850,2
2253,1423,44,131,501,640,1
1433,1974,10,145,530,1496,1
2583,835,42,128,396,1378,2
1817,1429,42,151,670,1552,1
2915,947,51,144,193,887,2
3340,1446,18,178,351,1769,3
2790,1332,7,168,846,855,2
577,1498,14,191,111,1167,0
3220,1576,14,173,1213,1386,3
3488,1398,26,150,755,1284,3
1277,1885,14,92,1406,1517,1
3593,798,2,148,497,627,2
2736,1436,42,124,1826,1836,3
2311,1998,31,196,50,1356,2
1464,1321,63,109,817,941,1
1355,1021,9,192,901,1793,1
2382,1339,40,123,212,1269,2
1886,1210,57,111,329,1039,1
832,1949,31,145,837,1182,1
751,882,28,151,248,884,0
436,1549,27,113,632,1162,0
722,1991,42,82,366,613,0
1075,796,12,114,174,518,0
2802,1012,39,161,882,1195,2
1780,1318,11,188,688,1591,1
1247,1708,14,197,263,1345,1
3066,598,62,117,118,764,2
403,541,51,200,1012,1226,0
2518,818,23,192,586,1552,2
1069,1414,15,168,294,1233,0
2651,601,6,169,818,1827,2
2974,561,40,99,426,865,2
657,1616,52,100,151,1133,0
3372,1263,32,103,409,644,3
1464,1604,63,93,641,1156,1
1326,539,24,86,958,967,0
3393,1071,49,199,1328,1970,3
323,826,57,135,354,530,0
1628,771,62,106,1709,1781,1
2610,1811,33,132,1099,1553,3
3721,1842,56,179,783,1227,3
763,1420,50,100,194,1393,0
792,1763,10,184,238,1893,0
1568,1163,2,133,919,1076,1
1276,1805,29,182,758,891,1
3472,610,52,90,1039,1273,3
2520,1533,17,160,1054,1393,2
3423,1924,63,111,122,686,3
258,1801,52,120,100,1708,0
1868,1726,42,106,1221,1804,2
2171,794,14,197,312,1376,1
780,1686,28,182,599,1073,0
712,1444,6,103,1274,1340,0
1012,1004,30,160,62,581,0
318,1242,28,166,315,1796,0
3948,539,26,137,1123,1709,3
629,717,14,99,1878,1981,0
1161,1540,29,157,318,831,0
1403,672,35,99,574,1267,0
3707,1325,13,133,1353,1915,3
1305,950,55,124,86,1681,0
2926,948,18,119,340,1728,2
2674,1328,27,144,602,1156,2
471,1447,40,184,963,1062,0
1724,1973,21,95,127,507,1
1220,1731,60,171,142,1039,1
2754,1617,63,111,274,1079,2
594,1791,33,110,371,682,0
1005,851,54,101,788,1007,0
2439,856,14,115,395,1027,1
2302,714,30,145,643,1527,1
1083,951,15,81,854,935,0
2219,1303,10,109,1335,1873,2
1571,1550,32,126,1541,1619,2
2107,1759,15,101,382,1163,2
593,1448,2,100,846,1144,0
857,1987,50,119,960,1925,1
3518,908,44,95,154,941,3
1284,820,58,160,468,694,0
545,904,19,147,1094,1496,0
3566,667,6,149,272,870,2
2821,1109,34,173,165,1103,2
3442,1333,59,183,394,1301,3
1309,1352,6,92,629,1299,1
1179,1600,19,88,831,1713,1
1713,1454,37,80,903,910,1
1663,1489,9,169,923,1759,1
1812,1823,10,81,362,1250,2
1384,1581,41,172,693,850,1
1348,1672,44,172,1250,1435,1
3957,1283,27,80,1135,1923,3
1212,630,14,180,66,1448,0
3925,659,24,151,924,1877,3
348,1811,32,115,204,1132,0
1382,688,40,109,376,1957,1
980,514,18,141,1083,1492,0
838,1933,16,154,229,1473,0
378,915,31,91,875,1316,0
909,1006,22,135,35,991,0
3632,1134,13,92,18,903,3
3396,599,64,186,103,646,2
1861,973,53,196,105,588,1
348,1180,27,90,168,540,0
2528,1237,13,98,18,1004,2
2190,659,5,169,659,730,1
663,1142,6,190,534,855,0
961,1002,11,185,285,512,0
1280,1392,44,113,482,1098,1
2189,602,50,141,1571,1717,2
531,1249,55,140,605,1193,0
2331,531,12,121,158,1657,1
794,1450,31,114,1573,1639,1
2644,1342,50,173,127,620,2
1666,832,22,198,343,1431,1
2157,867,57,159,289,724,1
1196,1404,44,151,1703,1880,1
2072,840,33,150,1482,1591,2
1590,1368,42,91,907,925,1
2916,1927,11,190,491,1506,3
3707,1714,31,120,287,627,3
726,1201,10,198,1151,1723,0
3577,1796,44,184,1024,1363,3
2627,1147,28,158,1085,1134,2
685,776,20,146,991,1803,0
1693,510,33,110,1052,1897,1
2137,1045,40,175,1078,1564,2
3696,1497,10,153,98,977,3
3771,1425,33,89,396,1648,3
1342,726,40,94,323,978,0
1379,1576,20,148,410,1551,1
1164,714,11,197,1750,1857,1
908,1595,63,88,1475,1988,1
1019,541,10,127,1836,1873,1
3685,1617,29,113,283,676,3
1470,1154,5,98,539,1240,1
2299,1638,2,189,440,563,2
999,1150,39,151,397,800,0
3011,1254,44,149,204,1021,2
3142,1806,54,117,347,727,3
1543,603,12,114,1003,1284,1
3692,1834,40,99,0,1987,3
2753,520,31,145,264,519,1
2156,565,50,158,543,703,1
2637,1689,9,150,467,675,2
331,742,21,104,875,925,0
1214,1143,22,125,1116,1724,1
2248,761,3,196,1325,1945,2
3073,959,36,196,1313,1331,3
422,772,8,134,552,1802,0
2293,1015,12,102,335,679,1
3958,1824,2,103,50,1105,3
432,1130,29,130,593,1327,0
1152,1183,48,120,268,1010,0
1303,574,26,118,382,1364,0
797,1472,20,169,443,892,0
298,1868,40,179,576,884,0
3847,1375,20,147,596,679,3
2110,881,64,160,115,636,1
1921,1742,43,176,356,1407,2
2423,1225,60,107,10,1567,2
1658,1970,15,132,1399,1684,2
2361,1186,21,160,68,584,1
1380,1762,60,157,643,790,1
3892,1731,4,163,809,1988,3
315,852,8,160,683,1349,0
2289,848,36,151,56,527,1
2182,1575,11,185,492,818,2
2184,1554,23,105,699,1492,2
2872,1972,48,92,290,804,3
2367,827,35,87,23,826,1
1919,1063,3,155,394,849,1
3296,1695,34,84,713,1742,3
462,1343,14,81,1063,1205,0
1591,834,27,123,1421,1463,1
1593,595,20,122,623,816,0
2456,1081,42,101,83,816,1
2933,911,14,199,1563,1692,3
3154,844,22,197,777,1995,3
3615,1335,60,180,83,559,3
3563,1883,24,87,203,915,3
1440,1128,33,147,938,1226,1
1907,826,57,117,1077,1183,1
324,1650,38,89,773,881,0
1404,1162,50,104,332,866,1
2738,1517,8,169,570,1645,2
2722,963,60,156,742,821,2
2294,1837,12,103,1420,1539,3
1424,1028,30,193,1801,1923,1
1133,1831,55,189,1693,1790,1
555,571,58,101,31,1536,0
3785,1770,9,183,1098,1373,3
3675,970,59,84,1765,1786,3
435,642,38,86,887,1775,0
3183,622,11,193,760,1964,2
3495,600,6,199,486,1032,2
1853,1412,57,86,2,660,1
2648,733,16,138,202,1787,2
2647,1070,19,160,90,1614,2
702,875,30,146,469,853,0
1836,1994,5,189,86,1546,2
3894,823,18,182,1180,1350,3
2944,1908,30,111,140,1046,3
3424,790,44,89,1100,1437,3
2678,1330,40,177,194,892,2
2424,1660,15,100,440,569,2
2671,1776,20,82,1563,1803,3
3078,1611,27,199,163,1011,2
2304,1410,15,92,192,1311,2
1146,1772,45,159,837,1405,1
2335,1280,39,108,356,588,1
1422,1712,23,155,155,663,1
2096,1562,55,140,1032,1776,2
1303,891,18,153,40,1435,0
1115,1957,36,151,1194,1727,1
456,1110,42,192,1179,1262,0
3396,875,43,104,902,969,3
2750,1211,28,130,58,963,2
941,769,54,112,1385,1780,0
2278,671,2,95,614,1617,2
2273,1872,26,172,672,1088,2
2355,1076,14,191,1088,1718,2
2328,1325,50,146,499,695,2
2638,911,28,182,157,763,1
558,1273,23,178,485,1399,0
1345,1062,39,124,571,817,0
425,1317,12,154,431,542,0
2192,940,16,115,499,1090,1
3397,729,14,135,563,1055,2
1208,1494,3,93,944,1003,1
267,1546,27,124,1138,1491,0
3518,1253,34,113,161,647,3
3122,895,16,164,126,1575,2
1050,793,43,124,15,1196,0
3358,1628,56,136,500,1713,3
2929,625,42,138,203,1771,2
624,1110,12,153,961,1950,0
1598,999,49,132,608,1970,1
2052,1856,24,155,277,1155,2
1249,1715,15,120,114,1849,1
412,1897,54,154,630,738,0
595,1202,19,122,404,1742,0
263,1171,19,167,248,755,0
2577,964,22,86,225,1234,2
639,1973,46,193,699,851,0
3206,1992,2,141,649,895,3
1550,546,26,159,416,1658,1
1646,1093,31,171,1310,1420,1
1930,1880,35,200,930,1983,2
3695,1765,11,87,835,1175,3
3235,1640,36,87,664,1806,3
2334,1830,7,191,460,1583,2
1998,826,62,187,778,1615,1
2258,1864,7,142,225,1545,2
1869,586,42,121,785,1118,1
1825,1206,30,127,1581,1713,2
3946,832,5,165,9,1944,3
436,848,8,103,7,1294,0
2678,1851,53,112,174,1175,2
3887,1166,59,80,437,638,3
1813,1776,35,172,278,623,1
817,1254,27,134,1288,1372,0
3614,1494,24,101,979,1190,3
2013,984,39,119,56,1931,1
543,1179,5,154,913,1429,0
3400,513,27,174,282,710,2
2623,557,17,89,322,710,1
2700,744,33,105,1252,1963,2
1400,1129,21,116,1128,1702,1
3127,1148,58,170,606,688,2
2803,1793,44,175,655,1459,3
2518,1310,15,150,954,970,2
3564,1604,6,191,68,1042,3
2515,1676,37,145,134,1197,2
3654,1001,40,117,922,1836,3
3930,1086,24,135,1874,1976,3
3476,1986,39,89,251,599,3
3242,634,41,192,1362,1853,3
2666,502,52,82,281,1159,2
1695,1641,48,97,224,1994,2
3510,623,15,189,778,844,2
3438,962,17,161,546,1424,3
2033,1057,41,97,397,891,1
1017,1862,62,182,386,1046,1
1686,555,38,193,214,1970,1
862,1000,58,135,461,833,0
957,841,11,81,125,675,0
3494,865,16,89,335,1009,3
3083,999,56,165,342,1641,2
1656,1232,30,131,625,761,1
313,1194,34,165,494,509,0
3282,612,20,179,1145,1487,3
3629,1362,47,186,600,1042,3
1687,1469,44,169,484,711,1
1149,986,28,182,199,679,0
3899,1843,62,104,21,832,3
1783,1561,4,134,885,1811,2
1629,1695,47,189,308,1208,1
2528,667,8,185,1015,1947,2
3256,1768,2,88,1303,1814,3
2341,1269,41,180,406,1036,2
2785,1109,57,151,124,833,2
3761,936,14,164,150,1677,3
1513,1713,5,199,108,1963,1
2240,1175,45,167,90,557,1
820,1940,5,194,588,1809,1
1875,855,59,159,1028,1196,1
920,771,33,157,776,1247,0
3615,645,63,174,278,584,2
1412,1307,7,88,897,1103,1
361,1948,5,136,651,700,0
1540,1509,50,81,1010,1684,1
1077,626,11,109,737,1759,0
3610,1190,40,93,1399,1646,3
512,1727,57,158,376,1288,0
3024,1670,62,114,1117,1330,3
1610,1150,27,134,234,1947,1
2201,1208,16,175,691,1028,1
3338,1812,42,162,380,1550,3
3473,770,61,196,603,1483,3
2203,1559,10,114,117,681,1
940,1902,13,155,766,877,1
1155,1751,4,146,1499,1952,1
3872,1416,20,93,1175,1578,3
1882,1288,61,115,988,1503,2
1798,1003,16,119,190,1905,1
2598,1715,18,96,674,1375,3
1567,1967,46,199,518,1374,1
1491,962,2,125,1618,1916,1
2003,1487,42,120,857,989,2
3905,1569,54,190,371,665,3
291,1146,57,111,73,583,0
1693,1379,9,118,98,755,1
1788,1504,25,152,395,1853,1
3322,1945,26,112,1064,1540,3
1751,1630,32,80,712,1726,2
1641,1125,23,117,774,939,1
2854,614,51,178,1012,1040,2
3115,854,17,101,730,1148,2
3259,1470,45,121,777,1090,3
1612,1826,49,172,973,1633,2
2319,807,37,127,245,829,1
1258,1996,7,138,937,1083,1
1543,1083,41,158,937,1164,1
3991,1035,49,178,574,1171,3
3555,1521,62,143,678,1630,3
3411,1314,5,87,82,512,3
524,535,24,190,398,1775,0
3541,673,35,142,1096,1570,3
1998,1219,4,169,1419,1698,2
3437,1606,33,200,157,770,3
1637,1603,17,114,430,1207,1
3064,1958,52,153,1524,1848,3
2855,695,12,196,1649,1829,2
1393,1441,53,106,254,954,1
1633,1470,33,138,1790,1988,2
2392,1890,48,127,1438,1832,3
3284,1152,26,82,1304,1673,3
464,1619,20,117,813,1180,0
1234,1002,45,180,948,1007,0
292,742,36,139,1161,1288,0
2521,1306,33,174,867,1258,2
2658,1424,20,180,181,1199,2
587,942,27,91,754,1532,0
2190,1934,2,118,242,1127,2
879,1290,35,110,405,742,0
1743,930,54,80,1569,1763,2
1181,1699,21,156,105,1099,1
3330,1849,29,181,978,1986,3
3564,1922,42,153,725,1882,3
562,548,56,146,657,1657,0
1659,916,47,82,1147,1393,1
1816,1783,14,183,910,1566,2
1338,1083,49,156,295,503,0
2992,1698,7,131,26,508,2
315,1969,7,85,332,764,0
3249,869,2,197,519,533,2
3242,1337,5,200,161,1029,2
2725,637,28,194,1080,1289,2
586,833,27,145,649,1290,0
2454,1248,9,89,71,1686,2
804,1174,30,147,744,1244,0
2460,1831,44,148,437,1113,2
1295,1002,27,146,115,1111,0
2625,1010,8,139,547,957,2
1999,1117,21,177,495,1035,1
2698,990,15,153,1466,1717,2
3742,1564,26,129,117,1115,3
1193,1065,21,158,760,1722,1
3511,1982,24,129,764,1873,3
885,1607,20,192,776,1005,0
1044,1066,5,167,53,1504,0
2548,681,17,194,371,1702,2
2940,1163,19,132,728,818,2
3966,1285,11,199,1791,1896,3
3484,753,48,121,606,1316,3
1246,1779,5,90,1225,1717,1
2757,987,52,83,419,736,2
2378,511,24,136,367,1264,1
1794,1044,12,104,1230,1263,1
3933,1855,32,187,267,1161,3
1637,946,26,186,273,891,0
783,657,21,110,705,1905,0
3094,1673,42,182,214,679,2
1774,731,28,130,424,1032,1
256,926,59,161,84,793,0
1365,1261,52,86,605,1429,1
2339,618,45,188,1175,1586,2
2049,936,57,129,657,938,1
3241,1485,28,158,371,1023,3
867,1339,21,80,833,1441,0
2175,508,50,82,102,1195,1
3497,1938,44,121,1299,1935,3
609,995,10,104,258,1889,0
3285,1086,43,111,56,1150,2
3684,1322,35,157,443,708,3
3586,1864,57,181,1279,1793,3
2322,1944,26,92,313,712,2
354,581,56,180,523,565,0
3204,1020,27,128,919,1482,3
1400,1936,44,139,570,1021,1
2308,1329,23,198,380,682,1
1082,808,46,105,119,529,0
3104,994,40,164,296,839,2
2847,1811,22,82,358,614,2
2256,765,44,88,1364,1851,2
1113,993,16,106,424,1639,0
3210,1136,32,150,961,1030,3
3990,719,23,113,431,1727,3
984,733,63,105,950,1739,0
3117,1946,8,123,647,1849,3
1622,1230,48,111,1960,1963,2
2967,1577,64,105,116,1432,3
1037,1514,12,138,306,538,0
2908,579,7,89,808,1517,2
1167,574,30,126,94,1334,0
2715,1072,19,114,380,877,2
1734,843,16,119,593,732,1
2259,1492,11,85,1684,1746,3
2921,1807,16,125,1221,1415,3
1244,909,47,146,410,1643,0
3132,1876,64,98,600,1211,3
2488,1436,23,106,189,1411,2
1052,1251,29,133,308,591,0
2927,636,28,152,148,742,2
2090,1354,26,136,297,918,1
2131,930,34,190,1050,1726,2
3362,1830,47,117,1191,1882,3
1053,1424,23,80,1399,1663,1
1799,583,51,88,1658,1794,1
3124,648,54,109,1153,1817,3
1672,1203,11,109,35,510,0
1552,1777,15,100,553,874,1
1938,1299,64,83,46,908,1
3202,1494,47,129,207,1177,3
1302,527,53,128,67,1924,0
2296,793,64,179,818,1006,1
575,873,8,152,1257,1411,0
2359,722,12,93,138,1371,1
3314,1250,20,167,11,1020,2
440,1358,60,147,889,1635,0
2002,1035,11,173,831,1709,1
3167,1289,16,161,713,1854,3
3480,1445,37,82,527,1393,3
595,1702,47,107,1284,1643,1
2466,534,2,85,911,1220,2
1337,628,60,87,1047,1534,1
1462,713,53,98,123,1477,0
503,1207,58,112,406,681,0
2066,683,30,197,927,1135,1
708,594,27,196,407,528,0
2029,537,55,103,1041,1430,1
308,1565,38,121,781,1364,0
552,1052,6,195,1191,1839,0
2082,713,63,89,103,1760,1
3314,1766,16,141,125,1227,3
3996,584,19,199,919,1343,3
1795,1541,5,109,536,1656,1
594,837,51,104,638,1831,0
2473,935,58,155,639,1087,2
690,665,31,185,496,1804,0
3845,680,34,157,686,1418,3
2004,877,17,195,1064,1985,1
2083,1493,53,102,240,1414,2
2661,1762,26,83,525,704,2
1903,842,57,124,348,730,1
2466,925,56,196,1262,1520,2
3779,1692,2,106,1899,1904,3
3904,1576,5,139,258,789,3
265,1065,48,162,1188,1948,0
1417,958,60,200,730,751,0
1769,623,26,197,484,1238,1
2948,897,17,171,547,1852,2
2572,1110,41,152,800,1455,2
3267,616,21,150,347,513,2
1459,1680,37,168,679,1231,1
1633,1715,12,94,1224,1676,2
2052,983,45,130,948,1205,1
1086,720,14,165,366,1234,0
2402,1660,24,169,223,1777,2
3376,1564,42,108,1619,1962,3
1507,592,52,103,332,970,0
641,969,44,158,167,909,0
3451,1356,35,131,782,951,3
1607,504,14,189,881,1129,0
3521,1546,6,101,91,1317,3
1241,689,7,147,487,722,0
881,1685,16,137,120,1429,0
2563,1792,62,170,1626,1913,3
3033,1786,61,123,74,865,3
769,1944,59,132,634,1079,0
3454,1077,49,131,334,1079,3
819,648,60,195,931,1811,0
435,1702,2,185,921,1351,0
586,1571,30,150,805,956,0
650,856,19,125,1057,1931,0
3038,1786,14,115,616,912,3
3736,914,60,198,740,840,3
2948,1615,9,117,542,678,2
739,649,19,190,344,1551,0
686,1646,25,200,211,1608,0
841,1189,7,164,79,615,0
1183,1043,29,83,887,893,0
3943,1920,19,131,670,1152,3
1037,1220,54,109,383,1249,0
2633,1748,53,114,718,1109,2
3911,907,44,160,144,896,3
1958,1193,20,158,1442,1904,2
3297,1766,22,122,291,1318,3
3141,1278,24,170,1352,1775,3
3351,1234,17,174,209,725,2
2355,1961,55,100,861,1888,3
1308,1745,3,105,426,1629,1
991,1442,27,127,266,642,0
3248,1083,39,173,523,542,2
1519,868,5,137,40,1311,0
493,864,53,88,262,1436,0
1747,1142,2,114,623,769,1
2517,608,64,94,4,1351,1
1389,983,53,187,1001,1176,1
2522,1720,2,188,334,896,2
1885,1802,27,116,453,963,2
704,591,16,196,952,1726,0
953,1205,10,163,321,1870,0
3206,1369,28,108,1451,1469,3
928,713,42,94,1048,1123,0
2177,1082,2,101,398,724,1
2610,1719,52,187,417,520,2
489,1544,12,186,470,844,0
3839,1090,8,128,1217,1670,3
1861,1991,15,181,298,1037,1
299,1367,56,176,36,642,0
340,1179,32,182,85,1451,0
3606,721,15,102,655,1255,3
799,1549,62,91,167,990,0
2367,1349,46,134,212,623,1
445,1799,30,123,617,1386,0
3927,1075,11,122,271,1769,3
3756,684,63,157,159,1738,3
770,1837,36,162,786,872,0
1641,1619,21,138,46,562,1
2343,965,13,197,645,1275,2
2787,730,9,122,1371,1677,2
2495,1361,47,169,881,1382,2
3208,1494,45,158,449,790,3
1234,1027,18,146,338,534,0
1069,1807,38,97,1332,1814,1
3568,709,11,130,119,1531,3
3585,689,45,103,256,823,3
1974,955,2,155,428,1254,1
2419,1872,35,111,1546,1879,3
340,1259,13,97,1210,1989,0
2282,695,41,169,789,1211,1
298,1969,63,132,390,756,0
968,759,39,162,110,1317,0
2391,936,18,153,1330,1686,2
1534,1176,62,168,674,1455,1
696,1802,10,101,253,590,0
2782,772,23,97,317,1805,2
755,1318,45,136,183,661,0
3746,591,16,90,892,1603,3
2651,569,41,124,388,605,1
1341,764,45,124,52,539,0
2651,1056,37,101,914,979,2
1824,1982,12,80,287,593,1
1905,1830,14,160,773,1353,2
1456,1122,40,156,675,1163,1
3155,1023,63,153,367,1985,3
773,1283,33,93,510,980,0
1829,1602,35,99,1325,1800,2
3883,732,32,163,1661,1836,3
1675,1854,33,195,665,718,1
1601,718,30,93,662,997,1
1958,897,2,154,0,994,1
2376,1405,8,107,284,1036,2
1647,798,21,110,661,1951,1
3548,1035,40,157,757,1912,3
2694,1396,37,134,560,1177,2
2195,1749,49,178,470,775,2
2506,1588,4,148,146,822,2
2073,1600,16,94,1315,1710,2
3767,1522,21,162,533,1696,3
1150,1279,7,105,560,1633,1
841,719,6,102,405,1141,0
1675,544,7,129,227,610,0
1301,1007,21,185,479,831,0
1817,590,32,141,227,509,0
2321,1788,6,141,149,1022,2
1974,748,25,110,88,709,1
3433,757,64,157,114,819,2
1205,1561,27,174,662,874,1
872,1327,23,89,441,1721,0
2052,797,18,81,888,1466,1
3654,727,64,193,664,711,3
1503,686,36,194,64,745,0
3104,1515,24,176,747,1247,3
343,555,17,163,956,1010,0
3430,1589,5,112,776,1397,3
2470,1976,45,136,652,1933,3
1396,1884,24,149,1168,1179,1
2668,1063,27,86,201,582,2
1457,672,61,194,724,1127,0
2452,635,16,110,599,1299,2
1871,1906,55,113,3,629,1
1112,1753,40,191,1652,1983,1
967,659,3,85,190,657,0
2498,1583,14,148,1171,1673,2
387,1783,42,104,1081,1979,1
635,1667,21,138,1211,1396,0
2711,640,6,143,976,1353,2
2023,1913,29,111,675,742,2
2215,538,25,163,455,537,1
824,1191,46,89,42,807,0
3851,816,9,117,1196,1651,3
2156,915,33,199,503,986,1
2885,1157,27,88,1694,1798,3
495,1201,10,99,306,558,0
2358,1379,18,129,838,885,2
1744,1483,53,169,291,651,1
1832,1614,9,161,173,1219,1
2016,930,4,144,1017,1289,1
1300,1454,6,199,698,1018,1
2313,1784,41,164,610,1437,2
3248,1262,34,149,223,737,2
2216,797,37,144,206,1167,1
3142,1829,59,91,1457,1919,3
1850,1139,58,161,742,999,1
1424,618,13,80,591,724,0
1620,1547,57,114,347,957,1
2592,586,15,83,241,854,1
296,1617,36,85,743,1426,0
3579,1882,44,113,4,743,3
1180,674,21,198,576,1809,0
3962,1467,18,122,888,1099,3
3978,858,50,84,528,1416,3
668,794,2,106,1222,1890,0
2032,1965,39,187,915,1965,2
3057,1911,36,108,868,1632,3
869,1512,46,145,336,670,0
3919,510,45,168,483,754,3
